_id,Name,Select,Star,Comment
658bae39349f415aebfa5188,miju******,학년선택:●개념원리 RPM 중학수학 1-1,5,빠른배송 감사합니다.\n학원에서 선행교재로 추천해서 구입했는데 울 아이에게 도움이 많이 되네요~~
658bae39349f415aebfa5189,miju******,학년선택:●개념원리 중학수학 1-1,5,배송도 빠르고 선행하는 아이에게 도움되는것 같아요.
658bae3a349f415aebfa518a,pate******,학년선택:●개념원리 중학수학 2-1,5,중학선행 기본서라 구매했어요. 무난해서 좋아요.
658bae3a349f415aebfa518b,방글이야,●●22년1학기,5,아이가 좋아하네요\n열심히 문제 풀고~~또 풀어보길 기대합니다
658bae3a349f415aebfa518c,방글이야,●●22년1학기,5,아이가 좋아하네요\n열심히 문제 풀고~~또 풀어보길 기대합니다
658bae3a349f415aebfa518d,땜빵폭탄,학년선택:●개념원리 RPM 중학수학 2-1,5,"잘 받았습니다.\n할인된 가격에 카드할인까지...,\n온라인 최저가로 구매한 것 같긴한데,\n그래도 책값은 비싼 듯 ~~~"
658bae3a349f415aebfa518e,땜빵폭탄,학년선택:●개념원리 중학수학 2-1,5,"잘 받았습니다.\n할인된 가격에 카드할인까지...,\n온라인 최저가로 구매한 것 같긴한데,\n그래도 책값은 비싼 듯 ~~"
658bae3a349f415aebfa518f,pri,"도서선택:●개념원리 중1-1(2025),선택:●개념원리 (2025년)",4,아이가 새롭게 좋은 교재와 시작하려 합니다. 빠른배송 감사해요
658bae3a349f415aebfa5190,jy73**,●●22년1학기,5,카드할인행사받아 샀더니 서점고다 ？Q씬 저렴하게 구매했어요
658bae3a349f415aebfa5191,ChoFamily,선택:●개념원리 RPM 중학수학 1-2,5,찢김이나 구겨짐 없이 깨끗하게 왔어요~\n사은품으로 온 노트 잘 쓸게요
658bae3a349f415aebfa5192,ChoFamily,선택 옵션 선택:●개념원리 중학수학 1-2,5,찢김이나 구겨짐 없이 깨끗하게 왔어요~\n사은품으로 온 노트 잘 쓸게요
658bae3b349f415aebfa5193,lyco***,선택 옵션 학년선택:●개념원리 중학수학 1-1 (23년 15개정),5,필요할때마다 잘 구매하고 있습니다.
658bae3b349f415aebfa5194,jmlo****,선택 옵션 ●●22년1학기,5,학원교재라 구입했는데 여기가 젤로 싸요
658bae3b349f415aebfa5195,dbwl*****,선택 옵션 학년선택:●개념원리 중2-1,5,배송도 빠르고 내용이 알차고좋아요
658bae3b349f415aebfa5196,초코방방,선택 옵션 학년선택:●개념원리 중학수학 2-2,5,매번사요하는 교재입니다.빠른배송감사합니다.
658bae3b349f415aebfa5197,art5***,"선택 옵션 도서선택:●개념원리RPM 중2-1,선택:●개념원리 RPM",5,예비 중등2 되는 아이 학원 교재로 주문해서 잘 받았습니당~
658bae3b349f415aebfa5198,마오기,"선택 옵션 도서선택:●개념원리 중1-1(2025),선택:●개념원리 (2025년)",5,중등올라가는 딸위해 구입이요. 배송빨라요
658bae3b349f415aebfa5199,cara**,선택 옵션 학년선택:●개념원리 중학수학 3-1,5,"여러 출판사로 개념서 비교해보려고 구매했어요, "
658bae3c349f415aebfa519a,seye****,선택 옵션 학년선택:●개념원리 중학수학 1-1 (23년 15개정),5,학원에서 필요 하여 구입 햇어여\n배송이 빨라 좋아엽!
658bae3c349f415aebfa519b,minj****,"선택 옵션 도서선택:●개념원리RPM 중2-2,선택:●개념원리 RPM",4,수학문제집으로 너무 좋은책이죠
658bae3c349f415aebfa519c,jmlo****,선택 옵션 ●●22년1학기,5,학원교재라 구입했는데 여기가 젤로 싸요
658bae3c349f415aebfa519d,mido******,"선택 옵션 도서선택:●개념원리 중1-1,선택:●개념원리",5,배송도 빠르고 상품도 하자없이 잘 왔어요
658bae3c349f415aebfa519e,yhck*****,선택 옵션 학년선택:●개념원리 RPM 중학수학 3-2,5,아이가 필요해서 구매했어요 상태 좋아요
658bae3c349f415aebfa519f,acel**,선택 옵션 학년선택:●개념원리 RPM 중학수학 1-1 (23년 15개정),5,중학교 선행용. 언니들 추천. 무난하게 보고 있음^^
658bae3c349f415aebfa51a0,Yoominlove,"선택 옵션 도서선택:개념원리 중학수학 1-1,시리즈선택:●●22년1학기",5,아직 초등학생 아이입니다.\n학원에서 6학년 최상위 선행이 거의 끝나서 혼자 예습겸 풀려보려고 샀습니다.\n아이가 개념 설명이 잘 되어있어 이해가 쉽다고 합니다.\n채점 후 틀린 부분만 설명해주면서 풀리는데 개념 정리서로 좋은것 같아요 ^^
658bae3c349f415aebfa51a1,0202,선택 옵션 학년선택:●개념원리 중학수학 2-2,5,1학기에 스스로 문제집 열심히 풀면서 공부해서 좋은 성적 나왔었는데 2학기 준비한다고 하네요~\n그동안 다른 문제집 풀었는데 이번에 개념원리로 갈아탔어요~\n잘 준비해서 2학기에도 화이팅하면 좋겠어요^^
658bae3c349f415aebfa51a2,초코렛쿠키,"선택 옵션 도서선택:개념원리 중학 수학 2-2,시리즈선택:●●22년2학기",5,수력충전으로 개념 쉽게 잡고 개념원리로 완전히 이해라고 넘어가면 좋아요. 선행용으로 이만한 책이 없는것 같아요. \n배송도 빠르고 두권 샀더니 사은품으로 노트 두권도 왔는데 펜말고 노트가 와서 더 좋네요.\n오답노트로 쓰기 좋아요.
658bae3c349f415aebfa51a3,ky88***,"선택 옵션 도서선택:개념원리 중학 수학 3-2,시리즈선택:●●22년2학기",5,2학기 예습용으로 구입했어여..개념부터 확실히 해야할것 같아 구입했어여.. 설명도 잘되어있고 문제도 단계별로 있어 좋네여..
658bae3c349f415aebfa51a4,돈쓰는날,선택 옵션 선택:●개념원리 RPM 중학수학 3-2,5,배송은 좀 느리지만 카드할인받고 장바구니 쿠폰도 쓸수 있어서 좋아요. \n공책도 서비스로 주셨네요. 쓰지않는 메모장이나 펜보다 좋네요. 
658bae3d349f415aebfa51a5,반달이,"선택 옵션 도서선택:개념원리 중학 수학 2-2,시리즈선택:●●22년2학기",5,개념잡기에 이만한 문제집 없을껄요~~ 중학교내신은 개념원리로~ 배송도 빠르고 저렴한 최고의 판매처입니다
658bae3d349f415aebfa51a6,마리말이,선택 옵션 선택:●개념원리 중학수학 2-2,5,기본개념서로 좋아요 가독성도 좋고 다양한 유형이라 만족합니다. 꼼꼼하게 열심히 공부할게요
658bae3d349f415aebfa51a7,로또대박,선택 옵션 선택:●개념원리 중학수학 1-1,5,살짝 끝이 찢어지긴했지만 공부하는덴 상관없어서 그냥써요..ㅎ\n사은품으로주신 노트 감사합니다
658bae3d349f415aebfa51a8,여유한모금,선택 옵션 선택:●개념원리 RPM 중학수학 3-2,5,학원교재로 구입한 개념원리 RPM 이에요 쎈이랑 개념원리 기초탄탄하게 풀이도 잘되어 좋아요
658bae3d349f415aebfa51a9,미니벨^^,"선택 옵션 도서선택:개념원리 문제기본서 RPM 중 1-2,시리즈선택:●●22년2학기",5,중학수학에 요즘많은학원에서 이거풀리더라구요\n난이도는 중 정도 되는듯해요
658bae3d349f415aebfa51aa,anne****,선택 옵션 선택:●개념원리 중학수학 1-1,5,너무 어렵지도 쉽지도 않고 개념정리 잘돼어 있는 좋은 문제집이네요\n뭐든 어려워하는 아이지만 잘 따라와주면 좋겠습니다.\n스프링철까지 하니까 더 잘넘겨져요
658bae3d349f415aebfa51ab,dyth***,"선택 옵션 도서선택:개념원리 중학수학 1-1,시리즈선택:●●22년1학기",5,중등수학 문제집 어떤걸 선택할까 고민하다가 가장 많이 선택하는 개념 원리 교재로 선택했어요. 개념 설명이 잘 나와있어서 처음 진도 나가는 아이들에게 좋아요.
658bae3d349f415aebfa51ac,미니벨^^,"선택 옵션 도서선택:개념원리 중학 수학 3-1,시리즈선택:●●22년1학기",5,개념원리 문제수도많고 난이도도좀있지만 풀리기좋아요
658bae3d349f415aebfa51ad,여유한모금,선택 옵션 선택:●개념원리 중학수학 3-2,5,학원에서 사용할 교재로 구입해요 내년 준비합니다 함께 구입해서 노트3권 받았어요
658bae3d349f415aebfa51ae,도리도리까꾸웅,선택 옵션 선택:●개념원리 중학수학 1-1,5,수학 기본서가 필요해서 샀어요 카드할인에 2000원 쿠폰까지써서 20000원대의 가격에 RPM문제집까지 샀어요 기본서로 아주 좋은것같아요 수학은 기본을 익히면서 문제를 많이 풀어보는게 좋은것같아요 무선연습장한권도 받았어요 배송도 빠른편이예요 
658bae3d349f415aebfa51af,미니벨^^,"선택 옵션 도서선택:개념원리 RPM 알피엠 중학 수학 3-1,시리즈선택:●●22년1학기",5,개념원리 시리즈 \n학원교재입니다\n문제수가많은편
658bae3e349f415aebfa51b0,지꾸사랑,"선택 옵션 도서선택:개념원리 중학수학 1-1,시리즈선택:●●22년1학기",4,집에서 공부할 교재로 구매했어요 \n오프라인보다 저렴하게 구매해서 만족합니다 
658bae3e349f415aebfa51b1,my79**,선택 옵션 선택:●개념원리 중학수학 1-1,5,학원교제로 구입했어요.. 아이가 잘 풀어주길..\n책 상태도 너무 좋고 배송도 빠르고 만족해요.
658bae3e349f415aebfa51b2,꾸꾸꾸뀨,선택 옵션 학년선택:●개념원리 RPM 중학수학 1-1,5,학원에서 쓸 교재라서 주문했어요.\n깔끔하고 좋네요
658bae3e349f415aebfa51b3,해피트리0630,선택 옵션 선택:●개념원리 RPM 중학수학 2-1,5,중2아들 학원 교재용으로 주문했어요\n저렴하게 살수 있고 배송 빨라서 좋아요\n잘 쓰겠습니다 감사합니다 
658bae3e349f415aebfa51b4,bsrh****,선택 옵션 선택:●개념원리 RPM 중학수학 1-1,4,배송은 보통. 책상태는좋아요! 저렴하게 잘구매했어요!
658bae3e349f415aebfa51b5,로또대박,선택 옵션 선택:●개념원리 중학수학 3-1,5,엠베스트 인강교재로 샀어요..\n좋은결과나오길 바래요
658bae3e349f415aebfa51b6,mac0***,선택 옵션 선택:●개념원리 중학수학 3-1,5,아이 내신교재로 구매했는데 배송도 빠르고 포장도 꼼꼼하게 해주셔서 믿고 구매합니다 
658bae3e349f415aebfa51b7,hima******,선택 옵션 선택:●개념원리 중학수학 3-2,4,개념원리 잘 정리되어 보기 ？게 되어있구요\n아이가 좋아합니다
658bae3e349f415aebfa51b8,love****,선택 옵션 선택:●개념원리 중학수학 3-1,5,학원교재였는데 카드할인도 크고 빠른배송으로 잘받았습니다!
658bae3f349f415aebfa51b9,step***,선택 옵션 선택:●개념원리 RPM 중학수학 1-2,5,배송상태 양호하고? 책내용도 좋네요\n문제 마다 참고로해서  문제해설도 나와있네요
658bae3f349f415aebfa51ba,sjdj**,선택 옵션 ●개념원리 중학수학 3-2,5,중3아들 수학 개념 문제집으로 딱좋은것같습니다?서비스로 형광펜도 주셨네요?감사합니다
658bae3f349f415aebfa51bb,blue****,선택 옵션 선택:●개념원리 중학수학 2-2,5,아들 학원교재\n주문바로 담날 도착\n빠른배송 감사합니다~~♥♥♥
658bae3f349f415aebfa51bc,쇼핑하자9095,선택 옵션 선택:●개념원리 RPM 중학수학 2-1,5,내용이야 뭐 이야기할거 없고 방학때 선행하려고 구매했어요 배송 빠르고 감사합니다 
658bae3f349f415aebfa51bd,step***,선택 옵션 선택:●개념원리 중학수학 1-2,5,배송빠르고 상태좋아요\n울아들 공부시키려고 구매했는데 내용도 좋아보여요\n기대됩니다 
658bae3f349f415aebfa51be,ggum****,선택 옵션 선택:●개념원리 중학수학 2-2,5,개념을 스스로 학습하기에 이만한 교재가 없는것 같아요. 자기 주도학습교재로 매우 좋습니다
658bae3f349f415aebfa51bf,ykki**,선택 옵션 선택:●개념원리 RPM 중학수학 1-2,4,사은품 노트까지 포장 잘 해서 배송 잘 받았습니다. 감사합니다.
658bae3f349f415aebfa51c0,miss*****,선택 옵션 선택:●개념원리 RPM 중학수학 1-2,5,아이가 패드에있는 강의들으며 공부하기좋아요.간편답지있는것도 편하구요
658bae3f349f415aebfa51c1,무지짱,선택 옵션 학년선택:●개념원리 중학수학 3-2,5,배송 중 모서리 찍힘이 있긴 하지만 어쩔 수 없죠ㅠ\n\n자이스토리 좋아요~
658bae3f349f415aebfa51c2,초코렛쿠키,선택 옵션 선택:●개념원리 중학수학 3-1,5,개념잡는데 진짜 좋은 책이에요. 사은품 노트도 꽤 쓸모 있어요.\n배송도 빠릅니다.
658bae3f349f415aebfa51c3,hoon****,선택 옵션 선택:●개념원리 중학수학 2-1,5,"수학학원 에서 푸는 문제집이에요,  좋으네요"
658bae40349f415aebfa51c4,bing****,"선택 옵션 도서선택:개념원리 중학수학 1-2,시리즈선택:●●22년2학기",5,방학동안 복습하려고 구입\n중하 난이도 문제가 많아 부담없이 풀 수 있어요
658bae40349f415aebfa51c5,grat******,선택 옵션 ●●22년1학기,5,좋은 가격으로 구매했어요. 늘 시작하는 교재로 너무 좋아요
658bae40349f415aebfa51c6,1499***************,선택 옵션 선택:●개념원리 중학수학 3-1,5,방학동안예습교재로구매해요\n자세하게나와있어좋아요
658bae40349f415aebfa51c7,덩크슛,선택 옵션 선택:●개념원리 RPM 중학수학 3-1,5,카드할인받아 너무 저렴하게 샀어요~\n이런카드행사 너무 좋으네요 감사해요~
658bae40349f415aebfa51c8,mir7*****,"선택 옵션 도서선택:개념원리 RPM 알피엠 중학 수학 2-2,시리즈선택:●●22년2학기",5,학원교재로 구입했어요\n엄마인 제가 보기엔 내용이 엄청 어렵네요\n학생들 화이팅!
658bae40349f415aebfa51c9,am24**,선택 옵션 선택:●개념원리 중학수학 3-1,5,중3준비를 위해 구입합니다\n좋은 교재가 되기를~~
658bae40349f415aebfa51ca,항상행복하길,선택 옵션 학년선택:●개념원리 중학수학 1-1,5,필요하다고해서 주문해줬어요\n열심히 풀길바래봅니다!!!
658bae40349f415aebfa51cb,love*****,"선택 옵션 도서선택:개념원리 중학 수학 3-1,시리즈선택:●●22년1학기",5,인터넷 도서구입하면 편리해서 좋아요\n빠른배송 감사합니다
658bae40349f415aebfa51cc,sjdj**,선택 옵션 ●개념원리 RPM 중학수학 3-2,5,중3아들 학원교재로 구입했습니다\n형광펜도 선물로 주셨습니다\n감사합니다
658bae40349f415aebfa51cd,pupp*******,"선택 옵션 도서선택:개념원리 RPM 알피엠 중학 수학 3-2,시리즈선택:●●22년2학기",5,개념설명\n교과서 문제정복\n유형익히기\n중단원마무리\n서술형주돠식\n실력up\n등등. 구성이 좋습니다.
658bae40349f415aebfa51ce,도리도리까꾸웅,선택 옵션 선택:●개념원리 RPM 중학수학 1-1,5,중고등학교 수학은 문제 유형을 파악하는게 중요한것같아요 그래서 여러유형을 꾸준히 푸는게 좋은것같아요 RPM은 거기에 충실한 문제가 풍부해서 아이가 스스로 풀기 좋아요
658bae40349f415aebfa51cf,방탱,"선택 옵션 도서선택:개념원리 중학 수학 3-1,시리즈선택:●●22년1학기",5,개념을 잘알게 해주어 좋아요. 수학시작은 개념원리로
658bae41349f415aebfa51d0,kosa****,선택 옵션 선택:●개념원리 RPM 중학수학 1-2,5,예비중. 학원교재로 구입합니다. 문제양이 꽤 많아요
658bae41349f415aebfa51d1,서연경민맘,선택 옵션 선택:●개념원리 RPM 중학수학 2-1,5,학원 교재로 구입했어요\n\n배송도 빠르고 좋아요
658bae41349f415aebfa51d2,kosa****,선택 옵션 선택:●개념원리 중학수학 2-1,5,학원교재로 샀어요 가볍게 쉬운문제집이네요
658bae41349f415aebfa51d3,날아줘로라,선택 옵션 선택:●개념원리 RPM 중학수학 2-1,5,갑자기 온라인서점들이 15천이상무료 배송을해서 ㅋ 카드할인까지받고 좋네요 문제가많아서 좋아요.
658bae41349f415aebfa51d4,choe***,선택 옵션 선택:●개념원리 중학수학 2-1,5,급하게 필요했는데 하루만에 배송 빨리 해주셔서 너무 감사드려요~~~
658bae41349f415aebfa51d5,duch*****,선택 옵션 학년선택:●개념원리 중학수학 1-1,5,개념정리에는 개념원리만한 책은 없는 것 같아요~
658bae41349f415aebfa51d6,joan******,선택 옵션 선택:●개념원리 중학수학 3-2,4,아이  미리 공부하려고 샀습니다. 인강도 있어 좋아요~~
658bae41349f415aebfa51d7,blue****,선택 옵션 선택:●개념원리 중학수학 3-2,5,사은품도 주고 카드할인도 되서 좋아요
658bae41349f415aebfa51d8,min2***,선택 옵션 선택:●개념원리 RPM 중학수학 3-1,5,학원 숙제로 쓴다해서 샀어요.배송빠릅니다.
658bae41349f415aebfa51d9,bing****,"선택 옵션 도서선택:개념원리 문제기본서 RPM 중 1-1,시리즈선택:●●22년1학기",5,개념 먼저풀고\n다시 이 책으로 유형 익히니 좋네요
658bae41349f415aebfa51da,잠이와,선택 옵션 ●●22년1학기,5,알피엠을 꾸준히 구매중인데 온라인 구매라 할인혜택도 있어 맘에 드네요.\n좋아요~
658bae41349f415aebfa51db,봉자부인,선택 옵션 선택:●개념원리 중학수학 1-1,5,방학동안 풀어보려고 샀는데 개념위주이니 \n열심히풀어서 개념좀 알길..
658bae42349f415aebfa51dc,blue****,선택 옵션 선택:●개념원리 중학수학 2-2,5,배송도 빠르고 카드할인되서 좋아요
658bae42349f415aebfa51dd,kmsu*****,"선택 옵션 도서선택:개념원리 중학 수학 3-2,시리즈선택:●●22년2학기",5,학기마다 주문합니다. 아이가 교과서 대용으로 보기 좋대요.
658bae42349f415aebfa51de,kosa****,선택 옵션 선택:●개념원리 RPM 중학수학 2-1,5,수학학원 교재입니다 그런데 어려운지 자꾸 틀리네요
658bae42349f415aebfa51df,아다마스,선택 옵션 선택:●개념원리 RPM 중학수학 2-2,5,중학교 1학년부터 풀고 있는 문제집입니다
658bae42349f415aebfa51e0,blue****,선택 옵션 선택:●개념원리 중학수학 3-1,5,노트도 사은품으로 주시고 좋아요
658bae42349f415aebfa51e1,요묘,선택 옵션 선택:●개념원리 중학수학 3-1,5,"바로 배송해 주셨어요\n주문 번거로와 1,2 학기꺼 같이 샀어요"
658bae42349f415aebfa51e2,dyth***,선택 옵션 선택:●개념원리 중학수학 1-2,4,원래 쓰는 책이어서 구매했어요.
658bae42349f415aebfa51e3,blin*****,선택 옵션 선택:●개념원리 RPM 중학수학 1-2,5,배송 빠르게 왔고 서점보다 저렴하네요
658bae42349f415aebfa51e4,ssye*****,선택 옵션 선택:●개념원리 중학수학 1-2,5,집앞까지 편안히 받을수 있어 감사합니다
658bae42349f415aebfa51e5,ygi9**,선택 옵션 선택:●개념원리 중학수학 2-2,5,열공하고있어요 양 수준적당해요
658bae42349f415aebfa51e6,ahj7***,선택 옵션 선택:●개념원리 RPM 중학수학 3-2,5,할인가격에 깨끗한책 구매요.
658bae42349f415aebfa51e7,cent******,"선택 옵션 도서선택:개념원리 중학 수학 3-1,시리즈선택:●●22년1학기",5,늘 재구매 하게되는 개념원리 시리즈!!
658bae43349f415aebfa51e8,khwk**,"선택 옵션 도서선택:개념원리 문제기본서 RPM 중 1-2,시리즈선택:●●22년2학기",5,2학기 예습용으로 구매했어요\n개념원리랑 유형 연습까지 할 수 있어서 좋아요.
658bae43349f415aebfa51e9,khwk**,"선택 옵션 도서선택:개념원리 중학수학 1-2,시리즈선택:●●22년2학기",5,2학기 예습용으로 구매했어요\n개념원리랑 유형 연습까지 할 수 있어서 좋아요
658bae43349f415aebfa51ea,먀먀짱,선택 옵션 ●●22년1학기,5,학원에서 공부하는 문제집 입니다. 해설이 있어서 공부에 도움이됩니다.
658bae43349f415aebfa51eb,grat******,선택 옵션 ●●22년1학기,5,시작하는 교재로 좋아요. 좋은 가격으로 구매했어요~
658bae43349f415aebfa51ec,날아줘로라,선택 옵션 선택:●개념원리 RPM 중학수학 1-1,5,갑자기 온라인서점들이 15천이상무료 배송을해서 ㅋ 카드할인까지받고 좋네요.
658bae43349f415aebfa51ed,good****,선택 옵션 학년선택:●개념원리 중학수학 2-2,5,잘받았는데 박스는 뭉개져있었는데 문제집은 안전해서 다행이에요
658bae43349f415aebfa51ee,소오름,선택 옵션 선택:●개념원리 RPM 중학수학 1-1,5,빠르게 출곳내주셨는데\n택배사에서 늦게 보내졌어요.\n처음구매하는데 \n아이와   잘 맞았으면 좋겠어요 .\n\n사은품 노트도 감사합니다.
658bae43349f415aebfa51ef,2362***************,선택 옵션 학년선택:●개념원리 중학수학 1-2,5,2학기예습때문에 샀는데 배송도 빠르고 비가와서 젖을까 걱정했는데 비닐로 꼼꼼하게 포장하셔서  잘받았어요^^
658bae43349f415aebfa51f0,osy4***,선택 옵션 ●●22년1학기,5,학원에서 푸는 문제집입니다 개념 잡아주기 좋아요\n중간정도 난이도의 문제집입니다
658bae43349f415aebfa51f1,레몬하트,"선택 옵션 도서선택:개념원리 중학 수학 2-2,시리즈선택:●●22년2학기",5,배송빠르고좋아요\n학원교재로 사용.\n굿입니다
658bae43349f415aebfa51f2,bsrh****,선택 옵션 선택:●개념원리 중학수학 1-2,5,빠르게 잘받았어요. 포장은찌그러졌지만 책은깨끗.하게잘배송되었어요
658bae43349f415aebfa51f3,seoj*****,"선택 옵션 도서선택:개념원리 중학 수학 2-2,시리즈선택:●●22년2학기",5,기말고사 끝나고 2학기 준비를 위해 구입했어요\n잘 풀어서 실력향상에 도움이 되었으면 좋겠네요
658bae44349f415aebfa51f4,dazz*****,선택 옵션 학년선택:●개념원리 중학수학 1-1,5,개념 설명이 자세해서 좋아요.
658bae44349f415aebfa51f5,dazz*****,선택 옵션 학년선택:●개념원리 중학수학 1-2,5,개념 설명이 자세해서 좋아요
658bae44349f415aebfa51f6,ykki**,선택 옵션 선택:●개념원리 중학수학 1-2,4,배송 잘 되었고 포장도 좋습니다. 노트 2권을 선물로 주셨네요. 감사합니다.
658bae44349f415aebfa51f7,raon***,선택 옵션 학년선택:●개념원리 중학수학 1-2,5,1학기때도 개념원리로 공부했는데\n2학기때 공부하려고 미리구입했습니다 \n배송빠르고 잘 왔네요~
658bae44349f415aebfa51f8,malu**,선택 옵션 선택:●개념원리 중학수학 1-1,5,중등 시작 개념서로 많이 추천해주셔서 구매했어요.\n열심히 공부할 일만 남았네요^^
658bae44349f415aebfa51f9,osy4***,선택 옵션 ●●22년2학기,5,배송은 빨랐는데 사은품이 노트2권 펜1개인데\n작은메모장한개만 와서 다시 보내주셨는데 메모장하나만 보내셨어요 볼펜은 없네요
658bae44349f415aebfa51fa,k486*,선택 옵션 ●●22년2학기,5,아이가 항상 쓰는건데 배송도 빠르고 포장상태도 좋고 아주 만족합니다.
658bae44349f415aebfa51fb,gosa**,선택 옵션 선택:●개념원리 RPM 중학수학 1-1,5,개념익히는 용으로 좋아요. 쉬운 수준의 문제들이 주를 이뤄서 아이들이 무난히 풀어요. 
658bae44349f415aebfa51fc,민여,선택 옵션 선택:●개념원리 중학수학 1-1,5,중학교 가기전에 구매했는데\n좋아요. 많이 사는 이유가 있네요~
658bae44349f415aebfa51fd,kslc*,"선택 옵션 도서선택:개념원리 중학 수학 3-2,시리즈선택:●●22년2학기",5,배송도  빠르고  사은품도  있고  저렴하게  잘  구입했어요
658bae44349f415aebfa51fe,sons*****,선택 옵션 학년선택:●개념원리 RPM 중학수학 3-2,5,배송이 빨라서 좋네요\n방학중에 공부하기에 좋은 교재라는 생각이 듭니다
658bae44349f415aebfa51ff,nn35**,선택 옵션 ●●22년2학기,5,"무거운책~~\n편하게 받을수있어,  배송도 빨라서 좋네요\n요즘 책값 비싼데 카드할인도받고  항상 애용합니다"
658bae45349f415aebfa5200,소오름,선택 옵션 선택:●개념원리 중학수학 1-1,5,아직 풀어보진 않았어요.\n처음 구매해보는데 아이와 잘 맞길바래요.\n사은품노트도 감사합니자.
658bae45349f415aebfa5201,상추김밥,"선택 옵션 도서선택:개념원리 중학수학 1-1,시리즈선택:●●22년1학기",4,예비중 수학예습하려고 구입함. 워낙 유명한 교재임. 동영상 강의도 같이 들어보려고 함. 굳이 학원 수업 불필요.
658bae45349f415aebfa5202,mir7*****,"선택 옵션 도서선택:개념원리 RPM 알피엠 중학 수학 2-1,시리즈선택:●●22년1학기",5,하루만에 배송 ! 감사합니다\n문제집으로 좋습니다 문제만으로 가득해요~~
658bae45349f415aebfa5203,k320***,선택 옵션 선택:●개념원리 중학수학 1-1,5,만 하루도 안되서 배송되었어요.\n사은품은 그냥 저냥이지만 안 받은 것보단 낫네요.
658bae45349f415aebfa5204,이유나마미,선택 옵션 선택:●개념원리 중학수학 1-2,5,편하게 구매해서 좋아요 마감시간 좀 늘렸으면 좋겠어요
658bae45349f415aebfa5205,ChoFamily,선택 옵션 선택:●개념원리 RPM 중학수학 1-1,5,구김없이 잘 왔어요\n사은품으로 주신 노트 잘 쓸게요
658bae45349f415aebfa5206,rud1***,선택 옵션 선택:●개념원리 중학수학 3-1,5,포장 꼼꼼했고\n제가 주소를 구 주소 기재해서\n기사님이 택배 다시 되찾아서 경비실 맡겨주시고\n엄청 고생하셨어요.\n\n감사해요.
658bae45349f415aebfa5207,clic****,선택 옵션 선택:●개념원리 중학수학 1-2,5,아이 학원교재로 샀어요. 좋은 수학 교재입니다.잘 받았어요.
658bae45349f415aebfa5208,jiri****,"선택 옵션 도서선택:개념원리 중학수학 1-1,시리즈선택:●●22년1학기",5,책  상태  좋습니다~~인쇄며  색상도  만족해요~아이가  끝까지  잘  풀었으면  하는  마음입니다
658bae45349f415aebfa5209,mgpl***,"선택 옵션 도서선택:개념원리 중학 수학 2-1,시리즈선택:●●22년1학기",5,좋아요. 포장상태도 좋고 배송빠르고.
658bae45349f415aebfa520a,하하하190,"선택 옵션 도서선택:개념원리 RPM 알피엠 중학 수학 2-1,시리즈선택:●●22년1학기",5,배송이 조금 느렸지만 책 내용은 좋아요
658bae45349f415aebfa520b,musi****,선택 옵션 ●●22년2학기,5,학기마다 아이들의 수학 길잡이가 되는 문제집 늘 만족합니다~
658bae45349f415aebfa520c,lsk1***,선택 옵션 선택:●개념원리 중학수학 1-2,5,빠른배송에 만족합니다 \n스티커도 잘받았어요
658bae45349f415aebfa520d,yayo****,선택 옵션 학년선택:●개념원리 RPM 중학수학 2-2,4,수학 더욱 정리가 필요해서 샀어요.
658bae46349f415aebfa520e,osch****,"선택 옵션 도서선택:개념원리 중학 수학 3-1,시리즈선택:●●22년1학기",5,배송이 늦어서 걱정 했는데\n다행히 학원 가기전에 도착했어요 
658bae46349f415aebfa520f,jy77****,"선택 옵션 도서선택:개념원리 중학수학 1-1,시리즈선택:●●22년1학기",5,필요한 문제집 편하게\n빨리 받아볼수 있어서 좋아요
658bae46349f415aebfa5210,lone*********,선택 옵션 ●●22년1학기,5,할인된 가격에 잘 구매했네요...배송도 빠르고 감사합니다^^
658bae46349f415aebfa5211,wonp******,선택 옵션 선택:●개념원리 중학수학 1-1,4,수학 시작할때 무조건 필요한 교재입니다.
658bae46349f415aebfa5212,wonp******,선택 옵션 선택:●개념원리 RPM 중학수학 1-1,4,수학 시작할때 익힘용으로 사용하는 책입니다.
658bae46349f415aebfa5213,신나라맘,선택 옵션 선택:●개념원리 RPM 중학수학 3-1,3,배송날짜가 다르고 좀늦네요 ㅜㅜ박스도 다찢어져서 왔네요 
658bae46349f415aebfa5214,froz****,"선택 옵션 도서선택:개념원리 문제기본서 RPM 중 1-1,시리즈선택:●●22년1학기",5,자기주도 학습 및 예습용으로 샀어요 글자 종이질  문항수 적당해 만족합니다^^
658bae46349f415aebfa5215,k320***,선택 옵션 선택:●개념원리 중학수학 1-2,5,배송 무지 빠르고 상품의 상태가 좋아요.
658bae46349f415aebfa5216,yjh2***,선택 옵션 선택:●개념원리 중학수학 3-1,5,저렴한 가격으로 좋은 물건을 구매했습니다 감사합니다 
658bae46349f415aebfa5217,syr2***,선택 옵션 선택:●개념원리 중학수학 1-1,5,배송도 빠르고 포장상태도 만족합니다 사은품 감사합니다 
658bae46349f415aebfa5218,m201***,선택 옵션 선택:●개념원리 중학수학 1-2,4,아이 학습용으로 구매 책 상태 양호하게 왔습니다. 감사합니다.
658bae46349f415aebfa5219,kang****,선택 옵션 선택:●개념원리 RPM 중학수학 2-1,5, 굳이 오프라인에서 안사도 배송도 적당하고 할인있고.
658bae46349f415aebfa521a,ipoo***,"선택 옵션 도서선택:개념원리 RPM 알피엠 중학 수학 2-1,시리즈선택:●●22년1학기",5,배송빨라 좋아요\n학원교재로 구입했습니다
658bae46349f415aebfa521b,miss*****,"선택 옵션 도서선택:개념원리 문제기본서 RPM 중 1-1,시리즈선택:●●22년1학기",5,적당한 난이도라 잘 따라오고 있어요
658bae46349f415aebfa521c,반도,"선택 옵션 도서선택:개념원리 중학수학 1-1,시리즈선택:●●22년1학기",5,싸게 구입했어요~다음에도 구입할께요~~
658bae46349f415aebfa521d,덩크슛,선택 옵션 선택:●개념원리 RPM 중학수학 3-2,5,카드할인받아 너무 저렴하게 샀어요~\n이런카드행사 너무 좋으네요 감사해요~
658bae46349f415aebfa521e,신상리뷰단,선택 옵션 선택:●개념원리 RPM 중학수학 1-2,1,유명한 알피엠 잘샀어요 ㅎㅎ 11번가에서 잘샀어요 ㅋㅋ 잘받았어요. 감사하모니카 열심히 풀고 열공해가며 재미나게 지낼겁니다. 동영상에 대한 상세 정보는 사진과 함께 남겼죠. 찐 상품평 찐 리뷰 입니다.ㅋ 자랑할거예요. 11번가에서 샀다고요. 이상 끝입니다. 사진과 동영상을 일일히 찍는게 쉽지않아유\n 
658bae47349f415aebfa521f,bsrh****,선택 옵션 선택:●개념원리 RPM 중학수학 1-2,5,상태깨끗.하게 빠른배송받았습니다
658bae47349f415aebfa5220,ssye*****,선택 옵션 선택:●개념원리 중학수학 3-2,5,항상 잘 사용하고 있어요
658bae47349f415aebfa5221,ssye*****,선택 옵션 학년선택:●개념원리 중학수학 2-2,5,아이 공부하기 좋아요
658bae47349f415aebfa5222,ssye*****,선택 옵션 학년선택:●개념원리 중학수학 1-2,5,아이 공부하기 좋아요
658bae47349f415aebfa5223,분홍고양,선택 옵션 학년선택:●개념원리 중학수학 2-1,5,언제나 11번가 통한 책 구매!!
658bae47349f415aebfa5224,골라먹는,선택 옵션 선택:●개념원리 RPM 중학수학 1-1,5,배송이 조금 더 빨랐으면 좋겠어요
658bae47349f415aebfa5225,곰팅이친구,선택 옵션 선택:●개념원리 RPM 중학수학 3-2,5,빠른 배송 굿~\n사은품 감사요^^
658bae47349f415aebfa5226,곰팅이친구,선택 옵션 선택:●개념원리 중학수학 1-2,5,빠른배송 굿~\n사은품도 감사해요
658bae47349f415aebfa5227,moon****,선택 옵션 선택:●개념원리 RPM 중학수학 1-2,5,빠른배송 감사합니다 
658bae47349f415aebfa5228,아다마스,선택 옵션 선택:●개념원리 중학수학 2-2,5,중학교때부터 꾸준히 풀고 있어요
658bae47349f415aebfa5229,min2***,선택 옵션 선택:●개념원리 중학수학 3-1,5,학워교재료 주문했어요.
658bae47349f415aebfa522a,워니린이맘,선택 옵션 선택:●개념원리 중학수학 1-1,5,중학교대비용으로 샀네요 
658bae48349f415aebfa522b,slsg12,선택 옵션 선택:●개념원리 RPM 중학수학 2-1,5,아이가고른문제집  맘에들어요
658bae48349f415aebfa522c,ju07**,선택 옵션 선택:●개념원리 중학수학 3-1,4,중딩딸이필요하데서구입 
658bae48349f415aebfa522d,sim1******,선택 옵션 선택:●개념원리 중학수학 2-2,5,아이가 잘 풀었습니다!
658bae48349f415aebfa522e,뽕브라,선택 옵션 선택:●개념원리 중학수학 3-1,5,빠른 배송으로 잘 받아 보았습니다.
658bae48349f415aebfa522f,Dragon12,선택 옵션 선택:●개념원리 RPM 중학수학 3-1,5,아이들이 공부하려고 합니다 
658bae48349f415aebfa5230,Dragon12,선택 옵션 선택:●개념원리 중학수학 3-1,5,아이들이 공부하려고 합니다 
658bae48349f415aebfa5231,minh*****,선택 옵션 선택:●개념원리 중학수학 3-1,4,좋아요 잘 공부하고 있어요
658bae48349f415aebfa5232,조이80,선택 옵션 선택:●개념원리 RPM 중학수학 1-2,5,학원교재입니다 \n열심히 풀고 있어요
658bae48349f415aebfa5233,십일번가팬임,선택 옵션 선택:●개념원리 중학수학 1-1,5,수학학원에서 교재로 사용합니다
658bae48349f415aebfa5234,깡11,선택 옵션 선택:●개념원리 RPM 중학수학 1-1,5,중학수학 공부하기 좋아요.
658bae48349f415aebfa5235,ygi9**,선택 옵션 선택:●개념원리 중학수학 2-1,5,예슴으로 열공하고있어요 
658bae49349f415aebfa5236,ahj7***,선택 옵션 선택:●개념원리 중학수학 3-2,5,좋은책 빠르게 받았어요.
658bae49349f415aebfa5237,요묘,선택 옵션 선택:●개념원리 RPM 중학수학 3-2,5,배송이 빨라서 감사해요
658bae49349f415aebfa5238,요묘,선택 옵션 선택:●개념원리 중학수학 3-2,5,바로 배송해 주셨어요
658bae49349f415aebfa5239,요묘,선택 옵션 선택:●개념원리 RPM 중학수학 3-1,5,바로 배송해 주셨어요 
658bae49349f415aebfa523a,kosa****,선택 옵션 선택:●개념원리 중학수학 1-2,5,6학년 수학선행 학원교재로 구입합니다.
658bae49349f415aebfa523b,쭌민파파,선택 옵션 선택:●개념원리 RPM 중학수학 1-1,4,가격대비만족합니다.
658bae49349f415aebfa523c,쭌민파파,선택 옵션 선택:●개념원리 중학수학 1-1,4,가격대비만족합니다.
658bae49349f415aebfa523d,cent******,"선택 옵션 도서선택:개념원리 중학 수학 2-2,시리즈선택:●●22년2학기",5,늘 이용하고 있는 문제집입니다
658bae49349f415aebfa523e,cent******,"선택 옵션 도서선택:개념원리 RPM 알피엠 중학 수학 2-2,시리즈선택:●●22년2학기",5,늘 이용하고 있는 문제집입니다
658bae49349f415aebfa523f,jong*****,선택 옵션 선택:●개념원리 중학수학 1-1,5,배송도 빠르고 좋아요
658bae49349f415aebfa5240,jong*****,선택 옵션 선택:●개념원리 중학수학 3-2,4,배송 빠르네요 감사합니다 
658bae49349f415aebfa5241,풍경소리^^,"선택 옵션 도서선택:개념원리 문제기본서 RPM 중 1-2,시리즈선택:●●22년2학기",5,너무너무 마음에 들어요..
658bae4a349f415aebfa5242,fres***,"선택 옵션 도서선택:개념원리 중학 수학 2-2,시리즈선택:●●22년2학기",5,배송빠르고 좋아요 
658bae4a349f415aebfa5243,fres***,"선택 옵션 도서선택:개념원리 중학 수학 3-2,시리즈선택:●●22년2학기",5,배송빠르고 조아욤굿굿
658bae4a349f415aebfa5244,psp3**,"선택 옵션 도서선택:개념원리 문제기본서 RPM 중 1-2,시리즈선택:●●22년2학기",5,학원 학습지용으로 구매
658bae4a349f415aebfa5245,6285,"선택 옵션 도서선택:개념원리 RPM 알피엠 중학 수학 2-1,시리즈선택:●●22년1학기",5,아이수업교재로사용중이에요~~
658bae4a349f415aebfa5246,gfka***,"선택 옵션 도서선택:개념원리 중학 수학 2-1,시리즈선택:●●22년1학기",4,아이들 집에서 풀리기 좋은거같아요
658bae4a349f415aebfa5247,영원^^,선택 옵션 ●●22년1학기,5,시중가격보다 저렴해서 좋습니다
658bae4a349f415aebfa5248,nobb****,"선택 옵션 도서선택:개념원리 중학수학 1-1,시리즈선택:●●22년1학기",5,열심히 공부하야겠네요. \n책 좋습니다
658bae4a349f415aebfa5249,zill****,"선택 옵션 도서선택:개념원리 문제기본서 RPM 중 1-1,시리즈선택:●●22년1학기",5,초 6학원 선행 학습으로 풀릴려구요
658bae4a349f415aebfa524a,youn***,"선택 옵션 도서선택:개념원리 문제기본서 RPM 중 1-2,시리즈선택:●●22년2학기",5,배송 빠르고 저렴해요
658bae4a349f415aebfa524b,miss*****,"선택 옵션 도서선택:개념원리 문제기본서 RPM 중 1-1,시리즈선택:●●22년1학기",5,집에서 아빠랑 잘 풀고 있어요
658bae4a349f415aebfa524c,carr******,"선택 옵션 도서선택:개념원리 RPM 알피엠 중학 수학 2-1,시리즈선택:●●22년1학기",5,개념원리rpm좋아요
658bae4b349f415aebfa524d,마리말이,선택 옵션 선택:●개념원리 중학수학 2-1,5,기본개념서로 좋아요 가독성도 좋고 다양한 유형이라 만족합니다. 꼼꼼하게 열심히 공부할게요
658bae4b349f415aebfa524e,채규도담1204,선택 옵션 선택:●개념원리 RPM 중학수학 1-1,5,아이가 필요하다고 해서 샀어요
658bae4b349f415aebfa524f,syca**,선택 옵션 선택:●개념원리 중학수학 3-2,5,빠른배송으로 잘받았습니다 감사합니다
658bae4b349f415aebfa5250,미코해밀,선택 옵션 선택:●개념원리 중학수학 1-1,5,아이가 사달래서 샀는데 배송 빠르네요
658bae4b349f415aebfa5251,1468***************,선택 옵션 선택:●개념원리 중학수학 1-1,5,추천받아 사봤습니다 모든 중1홧팅
658bae4b349f415aebfa5252,yyj2***,선택 옵션 선택:●개념원리 중학수학 1-1,5,학원교재로 준비했습니다~ 좋아요!
658bae4b349f415aebfa5253,수라이,선택 옵션 선택:●개념원리 RPM 중학수학 3-1,5,배송이 빨라서 좋았어요.
658bae4b349f415aebfa5254,anat*******,선택 옵션 선택:●개념원리 중학수학 1-1,4,중학교 대비  방학동안 열심히  풀려야겠죠
658bae4b349f415aebfa5255,쇼핑은십일번가,선택 옵션 선택:●개념원리 RPM 중학수학 2-1,4,배송도 빠르고 좋아요.
658bae4b349f415aebfa5256,레몬하트,선택 옵션 선택:●개념원리 중학수학 3-1,5,학원교재로구입.\n잘풀길
658bae4b349f415aebfa5257,1499***************,선택 옵션 선택:●개념원리 RPM 중학수학 3-2,5,개념확인후연습문제풀이로좋아요
658bae4b349f415aebfa5258,1499***************,선택 옵션 선택:●개념원리 중학수학 3-2,5,개념잡기좋아요방학동안예습교재로굿~~
658bae4b349f415aebfa5259,1499***************,선택 옵션 선택:●개념원리 RPM 중학수학 3-1,5,개념후연습문제로좋아요
658bae4c349f415aebfa525a,dbsw*****,선택 옵션 선택:●개념원리 중학수학 3-2,5,딸아이가 사달라고 해서 구매 했네요 
658bae4c349f415aebfa525b,jong*****,선택 옵션 선택:●개념원리 중학수학 3-1,5,늘사용하던 교재잘받았습니다
658bae4c349f415aebfa525c,smop****,선택 옵션 선택:●개념원리 RPM 중학수학 3-2,5,배송 빠르고 할인폭이 커요.
658bae4c349f415aebfa525d,ms79****,"선택 옵션 도서선택:개념원리 중학수학 1-2,시리즈선택:●●22년2학기",5,배송빠르고 좋아요 좋아요 
658bae4c349f415aebfa525e,neck**,"선택 옵션 도서선택:개념원리 중학 수학 2-1,시리즈선택:●●22년1학기",4,빠른 배송 감사합니다~~
658bae4c349f415aebfa525f,신나라맘,선택 옵션 선택:●개념원리 중학수학 3-1,3,배송날짜가 그리 빠르지않네요 ㅜㅜ 박스도 다찢어져서왔네요 
658bae4c349f415aebfa5260,mir7*,선택 옵션 선택:●개념원리 RPM 중학수학 1-1,5,급하게 주문했는데 다담날 바로 배송이 도착했어요~~ 
658bae4c349f415aebfa5261,ChoFamily,선택 옵션 선택:●개념원리 중학수학 1-1,5,구김없이 잘 왔어요\n사은품으로 주신 노트 잘 쓸게요
658bae4c349f415aebfa5262,gari****,선택 옵션 학년선택:●개념원리 중학수학 1-1 (25년 22개정),3,개정2025로 구매\n\n구매전 개정판인지 확인해야해요
658bae4c349f415aebfa5263,lsk1***,선택 옵션 학년선택:●개념원리 RPM 중학수학 1-2,5,빠른배송에 만족합니다 
658bae4c349f415aebfa5264,wcwv***,선택 옵션 학년선택:●개념원리 중학수학 2-2,5,배송빠르고 제품좋아요 
658bae4d349f415aebfa5265,lemo******,선택 옵션 선택:●개념원리 중학수학 1-1,5,개념서 첫교재로는 다소 어렵습니다.
658bae4d349f415aebfa5266,러블리미키,선택 옵션 선택:●개념원리 RPM 중학수학 3-1,4,비교적 배송빠르고 좋네요
658bae4d349f415aebfa5267,cock********,선택 옵션 선택:●개념원리 중학수학 1-1,5,학원교재로 샀어요~~
658bae4d349f415aebfa5268,s994****,선택 옵션 선택:●개념원리 중학수학 2-2,3,가격은  저렴하고  배송도  무척  빨라요 
658bae4d349f415aebfa5269,cosm*********************,선택 옵션 선택:●개념원리 RPM 중학수학 2-1,4,혼자공부하기 좋아요.
658bae4d349f415aebfa526a,zzan*****,선택 옵션 선택:●개념원리 RPM 중학수학 2-1,5,조아여 싸게 샀어요
658bae4d349f415aebfa526b,zzan*****,선택 옵션 선택:●개념원리 중학수학 2-1,5,싸게 잘샀어요 좋아요
658bae4d349f415aebfa526c,osch****,"선택 옵션 도서선택:개념원리 RPM 알피엠 중학 수학 3-1,시리즈선택:●●22년1학기",5,빠른배송 해주시면 감사하겠습니다 
658bae4d349f415aebfa526d,mari*****,"선택 옵션 도서선택:개념원리 중학수학 1-1,시리즈선택:●●22년1학기",5,열씨미 공부 잘 하고 있습니다~
658bae4d349f415aebfa526e,블양,"선택 옵션 도서선택:개념원리 중학수학 1-2,시리즈선택:●●22년2학기",5,좋은가격으로 잘샀어요 
658bae4d349f415aebfa526f,bsrh****,선택 옵션 선택:●개념원리 중학수학 1-1,4,저렴하게 잘구매했어요! 
658bae4d349f415aebfa5270,leer****,선택 옵션 학년선택:●개념원리 중학수학 2-2,5,학원교재로 구입했어요
658bae4d349f415aebfa5271,jsn6************,선택 옵션 선택:●개념원리 중학수학 1-1,5,개념 잡기 좋은 교재 입니다
658bae4e349f415aebfa5272,jsn6************,선택 옵션 선택:●개념원리 RPM 중학수학 1-1,5,개념 잡기 좋은 교재 입니다
658bae4e349f415aebfa5273,이유나마미,선택 옵션 선택:●개념원리 RPM 중학수학 1-2,5,배송이 넘좋아요 집에서 편하게 받아서
658bae4e349f415aebfa5274,k320***,선택 옵션 선택:●개념원리 RPM 중학수학 1-2,5,빠르게 도착해서 좋아요.
658bae4e349f415aebfa5275,k320***,선택 옵션 선택:●개념원리 RPM 중학수학 1-1,5,배송도 빠르고 좋네요.
658bae4e349f415aebfa5276,kyac****,선택 옵션 선택:●개념원리 중학수학 1-1,5,열심히 하겠습니다.
658bae4e349f415aebfa5277,lsk1***,선택 옵션 선택:●개념원리 중학수학 1-1,5,빠른배송에 만족합니다 \n이틀만에 배송왔어요
658bae4e349f415aebfa5278,sad1***,선택 옵션 선택:●개념원리 RPM 중학수학 3-1,5,배송빠르고 좋아요 ㅎㅎ
658bae4e349f415aebfa5279,Dragon12,"선택 옵션 도서선택:개념원리 RPM 알피엠 중학 수학 2-1,시리즈선택:●●22년1학기",5,아이 공부하려고 합니다 
658bae4e349f415aebfa527a,Dragon12,"선택 옵션 도서선택:개념원리 중학 수학 2-1,시리즈선택:●●22년1학기",5,아이 공부하려고 주문했어요 
658bae4e349f415aebfa527b,Dragon12,"선택 옵션 도서선택:개념원리 RPM 알피엠 중학 수학 2-2,시리즈선택:●●22년2학기",5,아이공부하려고 주문했어요 
658bae4e349f415aebfa527c,Dragon12,"선택 옵션 도서선택:개념원리 중학 수학 2-2,시리즈선택:●●22년2학기",5,아이공부하려고 구매했어요 
658bae4e349f415aebfa527d,drea*****,"선택 옵션 도서선택:●개념원리 중2-1,선택:●개념원리",5,
658bae4e349f415aebfa527e,k-ni**,"선택 옵션 도서선택:●개념원리RPM 중3-1,선택:●개념원리 RPM",5,
658bae4e349f415aebfa527f,GGG,"선택 옵션 도서선택:●개념원리 중2-1,선택:●개념원리",5,
658bae4e349f415aebfa5280,minj****,"선택 옵션 도서선택:●개념원리 중2-2,선택:●개념원리",4,배송이 빨라요..감사해요
658bae4e349f415aebfa5281,nsd9***,선택 옵션 학년선택:●개념원리 중2-2,4,
658bae4e349f415aebfa5282,쭉쭉빵빵,선택 옵션 학년선택:●개념원리 RPM 중학수학 2-2,5,
658bae4e349f415aebfa5283,mirc***,선택 옵션 학년선택:●개념원리 RPM 중학수학 2-1,5,개념잡기 좋은 문제집입니다
658bae4e349f415aebfa5284,2023!!,선택 옵션 학년선택:●개념원리 중학수학 2-1,5,배송 빠르고 좋아요 
658bae4e349f415aebfa5285,phil*************,선택 옵션 학년선택:●개념원리 RPM 중학수학 1-2,4,
658bae4f349f415aebfa5286,kell***,선택 옵션 학년선택:●개념원리 RPM 중학수학 2-2,5,
658bae4f349f415aebfa5287,sads******,선택 옵션 학년선택:●개념원리 중학수학 2-1,5,
658bae4f349f415aebfa5288,jiny****,선택 옵션 학년선택:●개념원리 RPM 중학수학 2-2,4,
658bae4f349f415aebfa5289,habb*****,선택 옵션 학년선택:●개념원리 중학수학 1-2,5,저렴하게 잘 구입했어요 
658bae4f349f415aebfa528a,dbwl*****,선택 옵션 학년선택:●개념원리 중학수학 2-2,5,
658bae4f349f415aebfa528b,tige*****,선택 옵션 학년선택:●개념원리 RPM 중학수학 2-2,5,
658bae4f349f415aebfa528c,baby****,선택 옵션 학년선택:●개념원리 RPM 중학수학 3-2,5,
658bae4f349f415aebfa528d,minj*******,선택 옵션 학년선택:●개념원리 RPM 중학수학 1-1 (25년 22개정),5,
658bae4f349f415aebfa528e,minj*******,선택 옵션 학년선택:●개념원리 중학수학 1-1 (25년 22개정),5,
658bae4f349f415aebfa528f,cucu****,선택 옵션 학년선택:●개념원리 RPM 중학수학 1-1,5,
658bae4f349f415aebfa5290,cucu****,선택 옵션 학년선택:●개념원리 중학수학 1-1,5,
658bae4f349f415aebfa5291,ssye*****,선택 옵션 학년선택:●개념원리 RPM 중학수학 3-2,5,수학문제 풀이에 아주 좋아요
658bae4f349f415aebfa5292,shin****,선택 옵션 학년선택:●개념원리 중학수학 1-1,5,
658bae4f349f415aebfa5293,leer****,선택 옵션 학년선택:●개념원리 RPM 중학수학 2-2,5,학원 교재로 구입했어요
658bae4f349f415aebfa5294,r1ho**,선택 옵션 선택:●개념원리 중학수학 2-1,5,
658bae4f349f415aebfa5295,sane***,선택 옵션 학년선택:●개념원리 RPM 중학수학 1-2,5,좋아요 맘에들어요 
658bae4f349f415aebfa5296,plee***,선택 옵션 학년선택:●개념원리 중학수학 1-1 (23년 15개정),5,감사합니다 항상 애용하는거라 좋습니다 
658bae4f349f415aebfa5297,plee***,선택 옵션 학년선택:●개념원리 RPM 중학수학 1-1,5,감사합니다 항상 애용하는거라 좋습니다 
658bae4f349f415aebfa5298,west*******,선택 옵션 학년선택:●개념원리 RPM 중학수학 3-2,5,
658bae50349f415aebfa5299,1일1행,선택 옵션 학년선택:●개념원리 중학수학 3-2,5,
658bae50349f415aebfa529a,suom*****,선택 옵션 학년선택:●개념원리 RPM 중학수학 3-2,5,
658bae50349f415aebfa529b,heey*****,선택 옵션 학년선택:●개념원리 중학수학 1-1,5,
658bae50349f415aebfa529c,angu*****,선택 옵션 학년선택:●개념원리 중학수학 1-2,5,
658bae50349f415aebfa529d,소렌토,선택 옵션 학년선택:●개념원리 중학수학 3-1,4,
658bae50349f415aebfa529e,민즈,선택 옵션 학년선택:●개념원리 RPM 중학수학 2-1,5,배송 잘 받았어요. 형광팬 선물로 왔네요.
658bae50349f415aebfa529f,그레잇,선택 옵션 학년선택:●개념원리 RPM 중학수학 1-1,4,
658bae50349f415aebfa52a0,shfk******************,선택 옵션 학년선택:●개념원리 중학수학 1-2,5,
658bae50349f415aebfa52a1,blue******,선택 옵션 선택:●개념원리 RPM 중학수학 2-1,5,
658bae50349f415aebfa52a2,blue******,선택 옵션 선택:●개념원리 중학수학 2-1,5,
658bae50349f415aebfa52a3,hee6***,선택 옵션 학년선택:●개념원리 중학수학 2-2,5,
658bae50349f415aebfa52a4,soun******,선택 옵션 학년선택:●개념원리 RPM 중학수학 3-1,5,좋아요 좋아요 좋아요 좋아요 
658bae50349f415aebfa52a5,개미여행,선택 옵션 학년선택:●개념원리 RPM 중학수학 1-1,3,
658bae50349f415aebfa52a6,mobs***,선택 옵션 학년선택:●개념원리 중학수학 1-2,4,
658bae50349f415aebfa52a7,hyun***,선택 옵션 선택:●개념원리 중학수학 1-2,5,
658bae50349f415aebfa52a8,찐친,선택 옵션 학년선택:●개념원리 중학수학 1-1,4,
658bae50349f415aebfa52a9,뚱이맘,선택 옵션 선택:●개념원리 RPM 중학수학 3-2,5,
658bae50349f415aebfa52aa,뚱이맘,선택 옵션 선택:●개념원리 중학수학 3-2,5,
658bae50349f415aebfa52ab,pkas***,선택 옵션 선택:●개념원리 중학수학 2-2,5,
658bae50349f415aebfa52ac,빛나는자녀,선택 옵션 선택:●개념원리 RPM 중학수학 3-2,5,
658bae50349f415aebfa52ad,빛나는자녀,선택 옵션 선택:●개념원리 중학수학 3-2,5,
658bae51349f415aebfa52ae,빛나는자녀,선택 옵션 선택:●개념원리 RPM 중학수학 3-1,5,
658bae51349f415aebfa52af,빛나는자녀,선택 옵션 선택:●개념원리 중학수학 3-1,5,
658bae51349f415aebfa52b0,kamj*****,선택 옵션 선택:●개념원리 중학수학 1-2,5,잘받았습니다 잘쓰겠습니다 
658bae51349f415aebfa52b1,kamj*****,선택 옵션 선택:●개념원리 중학수학 1-1,5,잘받았습니다 잘쓰겠습니다 
658bae51349f415aebfa52b2,nsd9***,선택 옵션 선택:●개념원리 중학수학 1-2,4,
658bae51349f415aebfa52b3,곰팅이친구,선택 옵션 선택:●개념원리 RPM 중학수학 2-2,5,빠른 배송 굿~\n사은품 감사요^^
658bae51349f415aebfa52b4,곰팅이친구,선택 옵션 선택:●개념원리 RPM 중학수학 1-2,5,빠른 배송 굿~\n사은품 감사요^^
658bae51349f415aebfa52b5,곰팅이친구,선택 옵션 선택:●개념원리 중학수학 3-2,5,빠른 배송 굿~\n사은품 감사요^^
658bae51349f415aebfa52b6,곰팅이친구,선택 옵션 선택:●개념원리 중학수학 2-2,5,빠른 배송 굿~\n사은품 감사요^^
658bae51349f415aebfa52b7,jykp**,선택 옵션 선택:●개념원리 중학수학 1-2,4,
658bae51349f415aebfa52b8,mygo*************,선택 옵션 선택:●개념원리 RPM 중학수학 1-2,5,
658bae51349f415aebfa52b9,mygo*************,선택 옵션 선택:●개념원리 중학수학 1-2,5,
658bae51349f415aebfa52ba,park******,선택 옵션 선택:●개념원리 중학수학 1-2,5,
658bae51349f415aebfa52bb,kkii*****,선택 옵션 선택:●개념원리 중학수학 1-1,5,수업교재로 구입했어요
658bae51349f415aebfa52bc,jeug****,선택 옵션 선택:●개념원리 RPM 중학수학 3-1,5,
658bae51349f415aebfa52bd,kskw****,선택 옵션 선택:●개념원리 RPM 중학수학 2-1,5,
658bae51349f415aebfa52be,비다미,선택 옵션 선택:●개념원리 중학수학 1-1,5,
658bae51349f415aebfa52bf,jeug****,선택 옵션 선택:●개념원리 중학수학 3-1,5,
658bae51349f415aebfa52c0,1528***************,선택 옵션 선택:●개념원리 RPM 중학수학 1-1,5,아이들문제집은 항상 삽니다 
658bae51349f415aebfa52c1,lhee*****,선택 옵션 선택:●개념원리 중학수학 1-1,5,
658bae51349f415aebfa52c2,dud9****,선택 옵션 선택:●개념원리 RPM 중학수학 1-2,5,
658bae52349f415aebfa52c3,gono***,선택 옵션 선택:●개념원리 중학수학 2-1,5,학원교재로 샀어요\n좋아요
658bae52349f415aebfa52c4,ljeu***,선택 옵션 선택:●개념원리 RPM 중학수학 3-1,5,
658bae52349f415aebfa52c5,alai*******,선택 옵션 선택:●개념원리 RPM 중학수학 2-1,5,제품좋아요 제품좋아요 
658bae52349f415aebfa52c6,수띵,선택 옵션 선택:●개념원리 RPM 중학수학 2-1,5,
658bae52349f415aebfa52c7,hyes****,선택 옵션 선택:●개념원리 중학수학 1-1,4,
658bae52349f415aebfa52c8,hyes****,선택 옵션 선택:●개념원리 RPM 중학수학 1-1,4,
658bae52349f415aebfa52c9,rkdl****,선택 옵션 선택:●개념원리 중학수학 2-1,5,
658bae52349f415aebfa52ca,al05**,선택 옵션 선택:●개념원리 중학수학 2-1,5,
658bae52349f415aebfa52cb,jeel*******,선택 옵션 선택:●개념원리 중학수학 2-2,5,
658bae52349f415aebfa52cc,제니엄마제시,선택 옵션 선택:●개념원리 중학수학 3-1,5,
658bae52349f415aebfa52cd,kyou******,선택 옵션 선택:●개념원리 중학수학 1-2,5,
658bae52349f415aebfa52ce,장쭈맘,선택 옵션 선택:●개념원리 중학수학 2-2,5,
658bae52349f415aebfa52cf,cbik***,선택 옵션 선택:●개념원리 RPM 중학수학 3-2,5,
658bae52349f415aebfa52d0,cbik***,선택 옵션 선택:●개념원리 중학수학 3-2,5,
658bae52349f415aebfa52d1,jogs****,선택 옵션 선택:●개념원리 RPM 중학수학 3-1,5,
658bae52349f415aebfa52d2,코리아바이,선택 옵션 선택:●개념원리 RPM 중학수학 3-2,5,잘 받았습니다 감사합니다 잘 사용했어요 ㅎㅎ 감사합니다 ㅎㅎ 
658bae52349f415aebfa52d3,hikk*****,선택 옵션 선택:●개념원리 중학수학 1-1,5,
658bae52349f415aebfa52d4,hikk*****,선택 옵션 선택:●개념원리 RPM 중학수학 1-1,5,
658bae52349f415aebfa52d5,cool*****,선택 옵션 선택:●개념원리 RPM 중학수학 3-2,5,
658bae52349f415aebfa52d6,jh29**,선택 옵션 선택:●개념원리 중학수학 2-1,5,
658bae53349f415aebfa52d7,sona****,선택 옵션 선택:●개념원리 중학수학 2-1,5,
658bae53349f415aebfa52d8,chun***,선택 옵션 선택:●개념원리 중학수학 2-2,5,
658bae53349f415aebfa52d9,sim1******,선택 옵션 선택:●개념원리 RPM 중학수학 2-2,5,유형서의 기본이죠!!
658bae53349f415aebfa52da,j567****,선택 옵션 선택:●개념원리 중학수학 1-2,5,
658bae53349f415aebfa52db,j567****,선택 옵션 선택:●개념원리 RPM 중학수학 1-1,5,
658bae53349f415aebfa52dc,방탱,선택 옵션 선택:●개념원리 RPM 중학수학 3-2,5,학원교재입니다. 좋아요.
658bae53349f415aebfa52dd,방탱,선택 옵션 선택:●개념원리 중학수학 3-2,5,학원교재입니다. 좋아요.
658bae53349f415aebfa52de,supi****,선택 옵션 선택:●개념원리 중학수학 3-1,5,
658bae53349f415aebfa52df,nsd9***,선택 옵션 선택:●개념원리 중학수학 1-1,4,
658bae53349f415aebfa52e0,jogs****,선택 옵션 선택:●개념원리 중학수학 3-1,5,
658bae53349f415aebfa52e1,Dragon12,선택 옵션 선택:●개념원리 중학수학 3-1,5,아이들이 공부하려고 합니다 
658bae53349f415aebfa52e2,yunu**,선택 옵션 선택:●개념원리 중학수학 3-1,4,
658bae53349f415aebfa52e3,미야야,선택 옵션 선택:●개념원리 중학수학 2-2,5,
658bae53349f415aebfa52e4,psyc*****,선택 옵션 선택:●개념원리 중학수학 1-1,5,
658bae53349f415aebfa52e5,ssag**,선택 옵션 선택:●개념원리 중학수학 2-1,5,
658bae53349f415aebfa52e6,연인12,선택 옵션 선택:●개념원리 RPM 중학수학 1-1,3,좋아요 잘쓸게요 좋아요
658bae53349f415aebfa52e7,ulsa**,선택 옵션 선택:●개념원리 RPM 중학수학 1-1,5,
658bae53349f415aebfa52e8,rkdl****,선택 옵션 선택:●개념원리 중학수학 2-2,5,
658bae53349f415aebfa52e9,skyh*************,선택 옵션 선택:●개념원리 RPM 중학수학 2-1,4,열심히 풀어보겠습니다 
658bae53349f415aebfa52ea,나무때기,선택 옵션 선택:●개념원리 RPM 중학수학 1-1,4,
658bae53349f415aebfa52eb,kys2**,선택 옵션 선택:●개념원리 중학수학 1-1,3,
658bae53349f415aebfa52ec,sall****,선택 옵션 선택:●개념원리 중학수학 3-1,5,
658bae54349f415aebfa52ed,녕~,선택 옵션 선택:●개념원리 중학수학 1-1,4,
658bae54349f415aebfa52ee,dhtj****,선택 옵션 선택:●개념원리 중학수학 1-1,5,
658bae54349f415aebfa52ef,yunj******,선택 옵션 선택:●개념원리 중학수학 1-1,5,저념한 가격에 최고입니다 
658bae54349f415aebfa52f0,sosg***,선택 옵션 선택:●개념원리 중학수학 2-1,5,미리 구입했습니다.
658bae54349f415aebfa52f1,나아이셋엄마,선택 옵션 선택:●개념원리 RPM 중학수학 1-2,3,
658bae54349f415aebfa52f2,나아이셋엄마,선택 옵션 선택:●개념원리 중학수학 1-2,3,
658bae54349f415aebfa52f3,나아이셋엄마,선택 옵션 선택:●개념원리 RPM 중학수학 1-1,3,
658bae54349f415aebfa52f4,나아이셋엄마,선택 옵션 선택:●개념원리 중학수학 1-1,3,
658bae54349f415aebfa52f5,k2yu****,선택 옵션 선택:●개념원리 RPM 중학수학 1-1,5,예비중1  방학동안 열심히 풀려보려구요
658bae54349f415aebfa52f6,kkjs**,선택 옵션 선택:●개념원리 중학수학 1-1,5,
658bae54349f415aebfa52f7,skdb****,선택 옵션 선택:●개념원리 중학수학 1-2,5,
658bae54349f415aebfa52f8,neck**,선택 옵션 선택:●개념원리 중학수학 3-1,5,배송이 빠르고 조아요
658bae54349f415aebfa52f9,neck**,선택 옵션 선택:●개념원리 RPM 중학수학 3-1,5,잘 사용합니다~~~~
658bae54349f415aebfa52fa,para****,"선택 옵션 도서선택:개념원리 중학 수학 2-2,시리즈선택:●●22년2학기",5,빠른 배송이 가장 맘에 들어요
658bae54349f415aebfa52fb,love******,선택 옵션 선택:●개념원리 중학수학 1-1,5,좋아요 잘 사용할께요 
658bae54349f415aebfa52fc,n281*,선택 옵션 선택:●개념원리 중학수학 2-2,5,
658bae54349f415aebfa52fd,mjiy***,"선택 옵션 도서선택:개념원리 RPM 알피엠 중학 수학 2-1,시리즈선택:●●22년1학기",5,
658bae54349f415aebfa52fe,fern******,선택 옵션 선택:●개념원리 중학수학 3-2,5,감사합니다 항상 잘 쓰겠습니다 
658bae54349f415aebfa52ff,fern******,선택 옵션 선택:●개념원리 RPM 중학수학 3-1,5,감사합니다 항상 잘 쓰겠습니다 
658bae54349f415aebfa5300,fern******,선택 옵션 선택:●개념원리 RPM 중학수학 3-2,5,감사합니다 항상 잘 쓰겠습니다 
658bae55349f415aebfa5301,fern******,선택 옵션 선택:●개념원리 중학수학 3-1,5,감사합니다 항상 잘 쓰겠습니다 
658bae55349f415aebfa5302,psy8***,선택 옵션 선택:●개념원리 RPM 중학수학 2-2,4,
658bae55349f415aebfa5303,psy8***,선택 옵션 선택:●개념원리 중학수학 2-2,4,
658bae55349f415aebfa5304,psy8***,선택 옵션 선택:●개념원리 RPM 중학수학 2-1,4,
658bae55349f415aebfa5305,psy8***,선택 옵션 선택:●개념원리 중학수학 2-1,4,
658bae55349f415aebfa5306,kmdo***,선택 옵션 선택:●개념원리 중학수학 1-2,5,배송빠르고좋아요배송빠르고좋아요 배송빠르고좋아요배송빠르고좋아요 배송빠르고좋아요배송빠르고좋아요
658bae55349f415aebfa5307,kmdo***,선택 옵션 선택:●개념원리 중학수학 1-1,5,배송빠르고좋아요배송빠르고좋아요 배송빠르고좋아요배송빠르고좋아요 배송빠르고좋아요배송빠르고좋아요 
658bae55349f415aebfa5308,smop****,선택 옵션 선택:●개념원리 중학수학 3-2,5,11번가에서 싸게 샀어요.
658bae55349f415aebfa5309,wook****,"선택 옵션 도서선택:개념원리 중학수학 1-2,시리즈선택:●●22년2학기",5,
658bae55349f415aebfa530a,ggok***,"선택 옵션 도서선택:개념원리 RPM 알피엠 중학 수학 3-2,시리즈선택:●●22년2학기",5,좋아요 빠르고 정확해요 기대합니다
658bae55349f415aebfa530b,네오킴,"선택 옵션 도서선택:개념원리 중학 수학 3-2,시리즈선택:●●22년2학기",5,
658bae55349f415aebfa530c,네오킴,"선택 옵션 도서선택:개념원리 중학 수학 2-2,시리즈선택:●●22년2학기",5,
658bae55349f415aebfa530d,네오킴,"선택 옵션 도서선택:개념원리 중학수학 1-2,시리즈선택:●●22년2학기",5,
658bae55349f415aebfa530e,네오킴,"선택 옵션 도서선택:개념원리 중학수학 1-1,시리즈선택:●●22년1학기",5,
658bae55349f415aebfa530f,핑돌이,"선택 옵션 도서선택:개념원리 중학수학 1-1,시리즈선택:●●22년1학기",4,
658bae55349f415aebfa5310,ssam****,"선택 옵션 도서선택:개념원리 중학 수학 2-1,시리즈선택:●●22년1학기",5,잘받았습니다.감사합니다
658bae55349f415aebfa5311,lhc5**,"선택 옵션 도서선택:개념원리 RPM 알피엠 중학 수학 2-1,시리즈선택:●●22년1학기",5,
658bae55349f415aebfa5312,이쁜복길이,"선택 옵션 도서선택:개념원리 RPM 알피엠 중학 수학 2-1,시리즈선택:●●22년1학기",5,
658bae55349f415aebfa5313,엉뚱83,"선택 옵션 도서선택:개념원리 중학수학 1-1,시리즈선택:●●22년1학기",4,
658bae55349f415aebfa5314,jmlo****,선택 옵션 ●●22년2학기,5,학원교재라 주문？g습니다
658bae56349f415aebfa5315,gold***,"선택 옵션 도서선택:개념원리 중학 수학 3-2,시리즈선택:●●22년2학기",5,
658bae56349f415aebfa5316,gold***,"선택 옵션 도서선택:개념원리 중학수학 1-2,시리즈선택:●●22년2학기",5,좋아요 감사합니다 
658bae56349f415aebfa5317,gold***,"선택 옵션 도서선택:개념원리 RPM 알피엠 중학 수학 3-2,시리즈선택:●●22년2학기",5,
658bae56349f415aebfa5318,gold***,"선택 옵션 도서선택:개념원리 RPM 알피엠 중학 수학 3-1,시리즈선택:●●22년1학기",5,좋아요 감사합니다 
658bae56349f415aebfa5319,wook****,"선택 옵션 도서선택:개념원리 중학수학 1-1,시리즈선택:●●22년1학기",5,
658bae56349f415aebfa531a,love******,"선택 옵션 도서선택:개념원리 중학수학 1-2,시리즈선택:●●22년2학기",5,배송 빠르고 만족합니다
658bae56349f415aebfa531b,m201***,선택 옵션 ●●22년1학기,4,깨끗한 상태로 잘받았습니다.
658bae56349f415aebfa531c,m201***,선택 옵션 ●●22년1학기,4,깨끗한 상태로 받았어요^^
658bae56349f415aebfa531d,vinc*****,"선택 옵션 도서선택:개념원리 중학수학 1-2,시리즈선택:●●22년2학기",5,배송도빠르고 제품도 맘에 들어요
658bae56349f415aebfa531e,yebi******,"선택 옵션 도서선택:개념원리 문제기본서 RPM 중 1-1,시리즈선택:●●22년1학기",4,
658bae56349f415aebfa531f,yebi******,"선택 옵션 도서선택:개념원리 문제기본서 RPM 중 1-1,시리즈선택:●●22년1학기",4,
658bae56349f415aebfa5320,frie*****,"선택 옵션 도서선택:개념원리 RPM 알피엠 중학 수학 2-2,시리즈선택:●●22년2학기",5,
658bae56349f415aebfa5321,frie*****,"선택 옵션 도서선택:개념원리 RPM 알피엠 중학 수학 2-1,시리즈선택:●●22년1학기",5,
658bae56349f415aebfa5322,mins*************************,"선택 옵션 도서선택:개념원리 RPM 알피엠 중학 수학 2-2,시리즈선택:●●22년2학기",3,
658bae56349f415aebfa5323,mins*************************,"선택 옵션 도서선택:개념원리 중학 수학 2-2,시리즈선택:●●22년2학기",3,
658bae56349f415aebfa5324,mins*************************,"선택 옵션 도서선택:개념원리 RPM 알피엠 중학 수학 2-1,시리즈선택:●●22년1학기",3,
658bae56349f415aebfa5325,ao30**,"선택 옵션 도서선택:개념원리 RPM 알피엠 중학 수학 3-2,시리즈선택:●●22년2학기",5,배송도 빠르고 상태도 좋아요
658bae56349f415aebfa5326,amgk************,"선택 옵션 도서선택:개념원리 중학 수학 2-2,시리즈선택:●●22년2학기",5,
658bae56349f415aebfa5327,amgk************,"선택 옵션 도서선택:개념원리 중학수학 1-2,시리즈선택:●●22년2학기",5,
658bae56349f415aebfa5328,amgk************,"선택 옵션 도서선택:개념원리 중학 수학 2-1,시리즈선택:●●22년1학기",5,
658bae56349f415aebfa5329,amgk************,"선택 옵션 도서선택:개념원리 중학수학 1-1,시리즈선택:●●22년1학기",5,
658bae57349f415aebfa532a,eter******,"선택 옵션 도서선택:개념원리 중학수학 1-1,시리즈선택:●●22년1학기",5,
658bae57349f415aebfa532b,sebi****,"선택 옵션 도서선택:개념원리 RPM 알피엠 중학 수학 3-1,시리즈선택:●●22년1학기",5,
658bae57349f415aebfa532c,leef*****,선택 옵션 ●●22년1학기,5,배송도빠르고깨끗하게받앗습니다.
658bae57349f415aebfa532d,gkag******,"선택 옵션 도서선택:개념원리 RPM 알피엠 중학 수학 2-2,시리즈선택:●●22년2학기",5,학원 문제집으로 구입했어요
658bae57349f415aebfa532e,gi39**,"선택 옵션 도서선택:개념원리 중학수학 1-1,시리즈선택:●●22년1학기",5,
658bae57349f415aebfa532f,leek****,"선택 옵션 도서선택:개념원리 RPM 알피엠 중학 수학 3-1,시리즈선택:●●22년1학기",5,
658bae57349f415aebfa5330,kg56**,"선택 옵션 도서선택:개념원리 RPM 알피엠 중학 수학 3-1,시리즈선택:●●22년1학기",5,
658bae57349f415aebfa5331,inue****,"선택 옵션 도서선택:개념원리 문제기본서 RPM 중 1-1,시리즈선택:●●22년1학기",5,스스로 공부하는데 도움이 되네요
658bae57349f415aebfa5332,m201***,선택 옵션 ●●22년1학기,4,학원 교재용으로 구매
658bae57349f415aebfa5333,hosu***,선택 옵션 ●●22년1학기,4,보충교재로구입했습니다.\n교재잘 나왔습니다
658bae57349f415aebfa5334,psm0***,선택 옵션 ●●22년1학기,4,
658bae57349f415aebfa5335,psm0***,선택 옵션 ●●22년1학기,4,
658bae57349f415aebfa5336,eq14**,선택 옵션 ●●22년1학기,5,
658bae57349f415aebfa5337,lims***,선택 옵션 ●●22년1학기,4,
658bae57349f415aebfa5338,jy52**,선택 옵션 ●●22년1학기,5,
658bae57349f415aebfa5339,yeon****,선택 옵션 ●●22년1학기,5,
658bae57349f415aebfa533a,go85**,선택 옵션 ●●22년1학기,4,싸게구매 좋아용
658bae57349f415aebfa533b,musi****,선택 옵션 ●●22년2학기,5,아이의 단계별 필독서입니다~
658bae57349f415aebfa533c,lsj5***,선택 옵션 ●●22년1학기,5,
658bae57349f415aebfa533d,tjdg*****,선택 옵션 ●●22년2학기,5,좋아요
658bae57349f415aebfa533e,tjdg*****,선택 옵션 ●●22년1학기,5,좋아요
658bae58349f415aebfa533f,개미여행,선택 옵션 ●●22년1학기,3,
658bae58349f415aebfa5340,oneg*******,선택 옵션 ●●22년2학기,5,
658bae58349f415aebfa5341,oneg*******,선택 옵션 ●●22년1학기,5,
